15/06/2006,EXTRACCION TARJETA 14325399,90,0,727.42
12/06/2006,EXTRACCION TARJETA 14325399,300,0,817.42
12/06/2006,EXTRACCION TARJETA 14325399,90,0,1117.42
06/06/2006,DEVOLUCION IVA ELECTRON 4.13 %,0,6.38,1207.42
06/06/2006,EXTRACCION TARJETA 14325399,190,0,1201.04
30/05/2006,ACREDITACION PLAN SUELDOS,0,967,1391.04
29/05/2006,LIQUIDACION DE INTERESES,0,0.01,424.04
26/05/2006,EXTRACCION TARJETA 14325399,90,0,424.03
26/05/2006,EXTRACCION TARJETA 14325399,40,0,514.03
22/05/2006,EXTRACCION TARJETA 14325399,200,0,554.03
22/05/2006,CPA. NATY,22,0,754.03
19/05/2006,ACREDITACION PLAN SUELDOS,0,124.2,776.03
15/05/2006,CPA. WAL-MART 2997 ON LIN,22.84,0,651.83
15/05/2006,CPA. ZAAIDA,60,0,674.67
10/05/2006,EXTRACCION TARJETA 14325399,90,0,734.67
08/05/2006,CPA. FARMACITY,50.17,0,824.67
05/05/2006,DEVOLUCION IVA ELECTRON 4.13 %,0,1.56,874.84
03/05/2006,EXTRACCION TARJETA 14325399,40,0,873.28
27/04/2006,ACREDITACION PLAN SUELDOS,0,839,913.28
27/04/2006,LIQUIDACION DE INTERESES,0,0.01,74.28
17/04/2006,EXTRACCION TARJETA 14325399,90,0,74.27
17/04/2006,EXTRACCION TARJETA 14325399,100,0,164.27
17/04/2006,EXTRACCION TARJETA 14325399,90,0,264.27
12/04/2006,EXTRACCION TARJETA 14325399,100,0,354.27
11/04/2006,EXTRACCION TARJETA 14325399,290,0,454.27
10/04/2006,EXTRACCION TARJETA 14325399,50,0,744.27
10/04/2006,CPA. SERVICE NAF,38,0,794.27
10/04/2006,EXTRACCION TARJETA 14325399,90,0,832.27
07/04/2006,DEVOLUCION IVA ELECTRON 4.13 %,0,0.33,922.27
30/03/2006,ACREDITACION PLAN SUELDOS,0,839,921.94
28/03/2006,EXTRACCION TARJETA 14325399,190,0,82.94
27/03/2006,EXTRACCION TARJETA 14325399,190,0,272.94
27/03/2006,LIQUIDACION DE INTERESES,0,0.02,462.94
09/03/2006,CPA. FARMACITY,8.13,0,462.92
07/03/2006,DEVOLUCION IVA ELECTRON 4.13 %,0,5.08,471.05
06/03/2006,EXTRACCION TARJETA 14325399,90,0,465.97
03/03/2006,EXTRACCION TARJETA 14325399,300,0,555.97
01/03/2006,EXTRACCION TARJETA 14325399,100,0,855.97
28/02/2006,PROM MUSIMUNDO 91,0,4.28,955.97
28/02/2006,EXTRACCION TARJETA 14325399,150,0,951.69
